date,school,reservation_theorique
2025-12-01,AKIRA KUROSAWA,92
2025-12-01,ALAIN SAVARY,138
2025-12-01,ALBRECHT,74
2025-12-01,ANDRE BOULLOCHE,32
2025-12-01,ANDRE MALRAUX,238
2025-12-01,ANTOINE BALARD,68
2025-12-01,AQUITAINE,80
2025-12-01,ARISTOTE,69
2025-12-01,AUBIGNE,119
2025-12-01,AUBRAC,54
2025-12-01,AUGUSTE COMTE,51
2025-12-01,AVERROES,49
2025-12-01,BENOITE GROULT,220
2025-12-01,BERGMAN,54
2025-12-01,BLAISE PASCAL,94
2025-12-01,BON,80
2025-12-01,BOUCHER,89
2025-12-01,BRES,74
2025-12-01,CALANDRETA DAU CHIVALET,83
2025-12-01,CALANDRETA DAU CLAPAS,162
2025-12-01,CALLAS,105
2025-12-01,CAMOENS,49
2025-12-01,CANDOLA,82
2025-12-01,CERVANTES,47
2025-12-01,CHAPLIN,129
2025-12-01,CHAPTAL,88
2025-12-01,CHARLES BAUDELAIRE,171
2025-12-01,CHARLES DICKENS ANNE FRANK,303
2025-12-01,CHENGDU,149
2025-12-01,COCTEAU,85
2025-12-01,CONDORCET,161
2025-12-01,COPERNIC,38
2025-12-01,DAUDET,119
2025-12-01,DAVILER KERGOMARD,273
2025-12-01,DEROIN,112
2025-12-01,DIDEROT,139
2025-12-01,DOCTEUR CALMETTE,160
2025-12-01,DURUY,42
2025-12-01,ELUARD,76
2025-12-01,EMILE COMBES,58
2025-12-01,EUGENE POTTIER JEAN SIBELIUS,255
2025-12-01,F D ROOSEVELT,83
2025-12-01,FIGUIER,87
2025-12-01,FLORIAN,81
2025-12-01,FRANCOIS MITTERRAND,191
2025-12-01,FREDERIC BAZILLE,19
2025-12-01,GALILEE,70
2025-12-01,GAMA,72
2025-12-01,GAMBETTA,83
2025-12-01,GANDHI,20
2025-12-01,GARIBALDI,136
2025-12-01,GARNIER,66
2025-12-01,GEORGES SIMENON,155
2025-12-01,GERMAINE RICHIER,271
2025-12-01,GOETHE,59
2025-12-01,HEIDELBERG,107
2025-12-01,HYPATIE,52
2025-12-01,ISAAC SCHOLL,110
2025-12-01,JACQUES BREL,188
2025-12-01,JEAN JAURES,177
2025-12-01,JEAN MACE,128
2025-12-01,JEAN MERMOZ,140
2025-12-01,JEAN MOULIN,120
2025-12-01,JEAN ZAY,93
2025-12-01,JEANNE D ARC,101
2025-12-01,JEANNE MOREAU,168
2025-12-01,JOAN MIRO,235
2025-12-01,JOSEPH DELTEIL,118
2025-12-01,JOYCE,44
2025-12-01,JULES FERRY,140
2025-12-01,JULES SIMON,162
2025-12-01,JULES VERNE,100
2025-12-01,JULIE DAUBIE,166
2025-12-01,KIPLING,70
2025-12-01,LAFONTAINE,77
2025-12-01,LAMARTINE,84
2025-12-01,LEO MALET,199
2025-12-01,LEOPOLD SEDAR SENGHOR,100
2025-12-01,LOUIS ARMSTRONG,124
2025-12-01,LOUISVILLE,80
2025-12-01,LUDWIG VAN BEETHOVEN,341
2025-12-01,LUTHERKING,42
2025-12-01,MADAME DE SEVIGNE,122
2025-12-01,MARC BLOCH,111
2025-12-01,MARGUERITTE YOURCENAR,171
2025-12-01,MARIE CURIE,188
2025-12-01,MARIE PAPE CARPENTIER,143
2025-12-01,MICHEL DE L HOSPITAL,275
2025-12-01,MICHELET,58
2025-12-01,MORISOT MOZART,278
2025-12-01,NERUDA,29
2025-12-01,OLYMPE DE GOUGES,225
2025-12-01,PAGNOL,104
2025-12-01,PASTEUR,41
2025-12-01,PAUL BERT VICTOR HUGO,147
2025-12-01,PAUL LANGEVIN,125
2025-12-01,PAUL PAINLEVE,130
2025-12-01,PERICLES,92
2025-12-01,PICASSO,15
2025-12-01,PREVERT,22
2025-12-01,PROKOFIEV,53
2025-12-01,RENAUD,50
2025-12-01,RONSARD,109
2025-12-01,ROUX,45
2025-12-01,SAMUEL PATY,76
2025-12-01,SARAH BERNHARDT,60
2025-12-01,SIGMUND FREUD,130
2025-12-01,SIGNORET,118
2025-12-01,SIMON BOLIVAR,81
2025-12-01,SOULAGES,111
2025-12-01,SPINOZA,172
2025-12-01,SUN YAT SEN,171
2025-12-01,SURCOUF,94
2025-12-01,TERESA,63
2025-12-01,VAN GOGH,36
2025-12-01,VICTOR SCHOELCHER,238
2025-12-01,VOLTAIRE,188
2025-12-01,WINSTON CHURCHILL,264
2025-12-01,WOOLF,21
2025-12-02,AKIRA KUROSAWA,102
2025-12-02,ALAIN SAVARY,138
2025-12-02,ALBRECHT,80
2025-12-02,ANDRE BOULLOCHE,54
2025-12-02,ANDRE MALRAUX,241
2025-12-02,ANTOINE BALARD,86
2025-12-02,AQUITAINE,87
2025-12-02,ARISTOTE,68
2025-12-02,AUBIGNE,1
2025-12-02,AUBRAC,54
2025-12-02,AUGUSTE COMTE,0
2025-12-02,AVERROES,49
2025-12-02,BENOITE GROULT,231
2025-12-02,BERGMAN,55
2025-12-02,BLAISE PASCAL,99
2025-12-02,BON,94
2025-12-02,BOUCHER,98
2025-12-02,BRES,86
2025-12-02,CALANDRETA DAU CHIVALET,83
2025-12-02,CALANDRETA DAU CLAPAS,158
2025-12-02,CALLAS,110
2025-12-02,CAMOENS,52
2025-12-02,CANDOLA,81
2025-12-02,CERVANTES,55
2025-12-02,CHAPLIN,133
2025-12-02,CHAPTAL,86
2025-12-02,CHARLES BAUDELAIRE,177
2025-12-02,CHARLES DICKENS ANNE FRANK,294
2025-12-02,CHENGDU,154
2025-12-02,COCTEAU,0
2025-12-02,CONDORCET,164
2025-12-02,COPERNIC,40
2025-12-02,DAUDET,102
2025-12-02,DAVILER KERGOMARD,265
2025-12-02,DEROIN,117
2025-12-02,DIDEROT,164
2025-12-02,DOCTEUR CALMETTE,166
2025-12-02,DURUY,42
2025-12-02,ELUARD,79
2025-12-02,EMILE COMBES,61
2025-12-02,EUGENE POTTIER JEAN SIBELIUS,263
2025-12-02,F D ROOSEVELT,106
2025-12-02,FIGUIER,88
2025-12-02,FLORIAN,82
2025-12-02,FRANCOIS MITTERRAND,192
2025-12-02,FREDERIC BAZILLE,20
2025-12-02,GALILEE,89
2025-12-02,GAMA,71
2025-12-02,GAMBETTA,84
2025-12-02,GANDHI,21
2025-12-02,GARIBALDI,141
2025-12-02,GARNIER,69
2025-12-02,GEORGES SIMENON,166
2025-12-02,GERMAINE RICHIER,278
2025-12-02,GOETHE,61
2025-12-02,HEIDELBERG,124
2025-12-02,HYPATIE,62
2025-12-02,ISAAC SCHOLL,111
2025-12-02,JACQUES BREL,203
2025-12-02,JEAN JAURES,1
2025-12-02,JEAN MACE,132
2025-12-02,JEAN MERMOZ,138
2025-12-02,JEAN MOULIN,119
2025-12-02,JEAN ZAY,96
2025-12-02,JEANNE D ARC,107
2025-12-02,JEANNE MOREAU,177
2025-12-02,JOAN MIRO,234
2025-12-02,JOSEPH DELTEIL,138
2025-12-02,JOYCE,51
2025-12-02,JULES FERRY,148
2025-12-02,JULES SIMON,160
2025-12-02,JULES VERNE,108
2025-12-02,JULIE DAUBIE,174
2025-12-02,KIPLING,74
2025-12-02,LAFONTAINE,77
2025-12-02,LAMARTINE,82
2025-12-02,LEO MALET,220
2025-12-02,LEOPOLD SEDAR SENGHOR,130
2025-12-02,LOUIS ARMSTRONG,162
2025-12-02,LOUISVILLE,91
2025-12-02,LUDWIG VAN BEETHOVEN,350
2025-12-02,LUTHERKING,46
2025-12-02,MADAME DE SEVIGNE,124
2025-12-02,MARC BLOCH,132
2025-12-02,MARGUERITTE YOURCENAR,183
2025-12-02,MARIE CURIE,198
2025-12-02,MARIE PAPE CARPENTIER,152
2025-12-02,MICHEL DE L HOSPITAL,280
2025-12-02,MICHELET,62
2025-12-02,MORISOT MOZART,274
2025-12-02,NERUDA,36
2025-12-02,OLYMPE DE GOUGES,228
2025-12-02,PAGNOL,3
2025-12-02,PASTEUR,43
2025-12-02,PAUL BERT VICTOR HUGO,150
2025-12-02,PAUL LANGEVIN,130
2025-12-02,PAUL PAINLEVE,127
2025-12-02,PERICLES,93
2025-12-02,PICASSO,23
2025-12-02,PREVERT,1
2025-12-02,PROKOFIEV,55
2025-12-02,RENAUD,53
2025-12-02,RONSARD,124
2025-12-02,ROUX,42
2025-12-02,SAMUEL PATY,79
2025-12-02,SARAH BERNHARDT,61
2025-12-02,SIGMUND FREUD,136
2025-12-02,SIGNORET,118
2025-12-02,SIMON BOLIVAR,114
2025-12-02,SOULAGES,110
2025-12-02,SPINOZA,185
2025-12-02,SUN YAT SEN,194
2025-12-02,SURCOUF,92
2025-12-02,TERESA,63
2025-12-02,VAN GOGH,40
2025-12-02,VICTOR SCHOELCHER,251
2025-12-02,VOLTAIRE,204
2025-12-02,WINSTON CHURCHILL,263
2025-12-02,WOOLF,25
2025-12-04,AKIRA KUROSAWA,86
2025-12-04,ALAIN SAVARY,146
2025-12-04,ALBRECHT,75
2025-12-04,ANDRE BOULLOCHE,38
2025-12-04,ANDRE MALRAUX,238
2025-12-04,ANTOINE BALARD,68
2025-12-04,AQUITAINE,84
2025-12-04,ARISTOTE,68
2025-12-04,AUBIGNE,124
2025-12-04,AUBRAC,52
2025-12-04,AUGUSTE COMTE,51
2025-12-04,AVERROES,46
2025-12-04,BENOITE GROULT,232
2025-12-04,BERGMAN,53
2025-12-04,BLAISE PASCAL,92
2025-12-04,BON,78
2025-12-04,BOUCHER,90
2025-12-04,BRES,76
2025-12-04,CALANDRETA DAU CHIVALET,82
2025-12-04,CALANDRETA DAU CLAPAS,157
2025-12-04,CALLAS,104
2025-12-04,CAMOENS,50
2025-12-04,CANDOLA,74
2025-12-04,CERVANTES,51
2025-12-04,CHAPLIN,132
2025-12-04,CHAPTAL,86
2025-12-04,CHARLES BAUDELAIRE,168
2025-12-04,CHARLES DICKENS ANNE FRANK,308
2025-12-04,CHENGDU,151
2025-12-04,COCTEAU,86
2025-12-04,CONDORCET,168
2025-12-04,COPERNIC,38
2025-12-04,DAUDET,123
2025-12-04,DAVILER KERGOMARD,261
2025-12-04,DEROIN,111
2025-12-04,DIDEROT,143
2025-12-04,DOCTEUR CALMETTE,163
2025-12-04,DURUY,45
2025-12-04,ELUARD,78
2025-12-04,EMILE COMBES,64
2025-12-04,EUGENE POTTIER JEAN SIBELIUS,260
2025-12-04,F D ROOSEVELT,86
2025-12-04,FIGUIER,88
2025-12-04,FLORIAN,85
2025-12-04,FRANCOIS MITTERRAND,192
2025-12-04,FREDERIC BAZILLE,19
2025-12-04,GALILEE,72
2025-12-04,GAMA,75
2025-12-04,GAMBETTA,82
2025-12-04,GANDHI,16
2025-12-04,GARIBALDI,149
2025-12-04,GARNIER,71
2025-12-04,GEORGES SIMENON,155
2025-12-04,GERMAINE RICHIER,271
2025-12-04,GOETHE,58
2025-12-04,HEIDELBERG,109
2025-12-04,HYPATIE,45
2025-12-04,ISAAC SCHOLL,112
2025-12-04,JACQUES BREL,195
2025-12-04,JEAN JAURES,175
2025-12-04,JEAN MACE,129
2025-12-04,JEAN MERMOZ,141
2025-12-04,JEAN MOULIN,116
2025-12-04,JEAN ZAY,92
2025-12-04,JEANNE D ARC,78
2025-12-04,JEANNE MOREAU,171
2025-12-04,JOAN MIRO,232
2025-12-04,JOSEPH DELTEIL,119
2025-12-04,JOYCE,41
2025-12-04,JULES FERRY,147
2025-12-04,JULES SIMON,163
2025-12-04,JULES VERNE,97
2025-12-04,JULIE DAUBIE,164
2025-12-04,KIPLING,70
2025-12-04,LAFONTAINE,76
2025-12-04,LAMARTINE,80
2025-12-04,LEO MALET,203
2025-12-04,LEOPOLD SEDAR SENGHOR,103
2025-12-04,LOUIS ARMSTRONG,135
2025-12-04,LOUISVILLE,87
2025-12-04,LUDWIG VAN BEETHOVEN,338
2025-12-04,LUTHERKING,41
2025-12-04,MADAME DE SEVIGNE,125
2025-12-04,MARC BLOCH,118
2025-12-04,MARGUERITTE YOURCENAR,169
2025-12-04,MARIE CURIE,194
2025-12-04,MARIE PAPE CARPENTIER,145
2025-12-04,MICHEL DE L HOSPITAL,273
2025-12-04,MICHELET,62
2025-12-04,MORISOT MOZART,271
2025-12-04,NERUDA,27
2025-12-04,OLYMPE DE GOUGES,226
2025-12-04,PAGNOL,100
2025-12-04,PASTEUR,40
2025-12-04,PAUL BERT VICTOR HUGO,151
2025-12-04,PAUL LANGEVIN,126
2025-12-04,PAUL PAINLEVE,124
2025-12-04,PERICLES,92
2025-12-04,PICASSO,17
2025-12-04,PREVERT,22
2025-12-04,PROKOFIEV,52
2025-12-04,RENAUD,47
2025-12-04,RONSARD,100
2025-12-04,ROUX,44
2025-12-04,SAMUEL PATY,76
2025-12-04,SARAH BERNHARDT,57
2025-12-04,SIGMUND FREUD,132
2025-12-04,SIGNORET,116
2025-12-04,SIMON BOLIVAR,91
2025-12-04,SOULAGES,109
2025-12-04,SPINOZA,171
2025-12-04,SUN YAT SEN,186
2025-12-04,SURCOUF,87
2025-12-04,TERESA,62
2025-12-04,VAN GOGH,36
2025-12-04,VICTOR SCHOELCHER,241
2025-12-04,VOLTAIRE,194
2025-12-04,WINSTON CHURCHILL,266
2025-12-04,WOOLF,23
2025-12-05,AKIRA KUROSAWA,104
2025-12-05,ALAIN SAVARY,142
2025-12-05,ALBRECHT,79
2025-12-05,ANDRE BOULLOCHE,50
2025-12-05,ANDRE MALRAUX,238
2025-12-05,ANTOINE BALARD,84
2025-12-05,AQUITAINE,83
2025-12-05,ARISTOTE,66
2025-12-05,AUBIGNE,127
2025-12-05,AUBRAC,55
2025-12-05,AUGUSTE COMTE,51
2025-12-05,AVERROES,61
2025-12-05,BENOITE GROULT,238
2025-12-05,BERGMAN,52
2025-12-05,BLAISE PASCAL,93
2025-12-05,BON,91
2025-12-05,BOUCHER,90
2025-12-05,BRES,81
2025-12-05,CALANDRETA DAU CHIVALET,82
2025-12-05,CALANDRETA DAU CLAPAS,158
2025-12-05,CALLAS,109
2025-12-05,CAMOENS,56
2025-12-05,CANDOLA,69
2025-12-05,CERVANTES,56
2025-12-05,CHAPLIN,131
2025-12-05,CHAPTAL,86
2025-12-05,CHARLES BAUDELAIRE,179
2025-12-05,CHARLES DICKENS ANNE FRANK,322
2025-12-05,CHENGDU,150
2025-12-05,COCTEAU,94
2025-12-05,CONDORCET,151
2025-12-05,COPERNIC,35
2025-12-05,DAUDET,119
2025-12-05,DAVILER KERGOMARD,271
2025-12-05,DEROIN,120
2025-12-05,DIDEROT,163
2025-12-05,DOCTEUR CALMETTE,163
2025-12-05,DURUY,45
2025-12-05,ELUARD,81
2025-12-05,EMILE COMBES,59
2025-12-05,EUGENE POTTIER JEAN SIBELIUS,258
2025-12-05,F D ROOSEVELT,100
2025-12-05,FIGUIER,84
2025-12-05,FLORIAN,82
2025-12-05,FRANCOIS MITTERRAND,191
2025-12-05,FREDERIC BAZILLE,20
2025-12-05,GALILEE,89
2025-12-05,GAMA,74
2025-12-05,GAMBETTA,83
2025-12-05,GANDHI,26
2025-12-05,GARIBALDI,145
2025-12-05,GARNIER,68
2025-12-05,GEORGES SIMENON,171
2025-12-05,GERMAINE RICHIER,292
2025-12-05,GOETHE,60
2025-12-05,HEIDELBERG,128
2025-12-05,HYPATIE,58
2025-12-05,ISAAC SCHOLL,112
2025-12-05,JACQUES BREL,196
2025-12-05,JEAN JAURES,188
2025-12-05,JEAN MACE,130
2025-12-05,JEAN MERMOZ,142
2025-12-05,JEAN MOULIN,117
2025-12-05,JEAN ZAY,91
2025-12-05,JEANNE D ARC,106
2025-12-05,JEANNE MOREAU,172
2025-12-05,JOAN MIRO,227
2025-12-05,JOSEPH DELTEIL,133
2025-12-05,JOYCE,47
2025-12-05,JULES FERRY,143
2025-12-05,JULES SIMON,164
2025-12-05,JULES VERNE,78
2025-12-05,JULIE DAUBIE,179
2025-12-05,KIPLING,74
2025-12-05,LAFONTAINE,71
2025-12-05,LAMARTINE,84
2025-12-05,LEO MALET,215
2025-12-05,LEOPOLD SEDAR SENGHOR,115
2025-12-05,LOUIS ARMSTRONG,152
2025-12-05,LOUISVILLE,91
2025-12-05,LUDWIG VAN BEETHOVEN,351
2025-12-05,LUTHERKING,46
2025-12-05,MADAME DE SEVIGNE,123
2025-12-05,MARC BLOCH,131
2025-12-05,MARGUERITTE YOURCENAR,181
2025-12-05,MARIE CURIE,188
2025-12-05,MARIE PAPE CARPENTIER,150
2025-12-05,MICHEL DE L HOSPITAL,280
2025-12-05,MICHELET,67
2025-12-05,MORISOT MOZART,270
2025-12-05,NERUDA,35
2025-12-05,OLYMPE DE GOUGES,222
2025-12-05,PAGNOL,104
2025-12-05,PASTEUR,41
2025-12-05,PAUL BERT VICTOR HUGO,151
2025-12-05,PAUL LANGEVIN,130
2025-12-05,PAUL PAINLEVE,127
2025-12-05,PERICLES,94
2025-12-05,PICASSO,18
2025-12-05,PREVERT,28
2025-12-05,PROKOFIEV,57
2025-12-05,RENAUD,51
2025-12-05,RONSARD,113
2025-12-05,ROUX,45
2025-12-05,SAMUEL PATY,88
2025-12-05,SARAH BERNHARDT,56
2025-12-05,SIGMUND FREUD,144
2025-12-05,SIGNORET,119
2025-12-05,SIMON BOLIVAR,118
2025-12-05,SOULAGES,111
2025-12-05,SPINOZA,195
2025-12-05,SUN YAT SEN,188
2025-12-05,SURCOUF,100
2025-12-05,TERESA,64
2025-12-05,VAN GOGH,42
2025-12-05,VICTOR SCHOELCHER,257
2025-12-05,VOLTAIRE,207
2025-12-05,WINSTON CHURCHILL,269
2025-12-05,WOOLF,20
2025-12-08,AKIRA KUROSAWA,91
2025-12-08,ALAIN SAVARY,140
2025-12-08,ALBRECHT,74
2025-12-08,ANDRE BOULLOCHE,36
2025-12-08,ANDRE MALRAUX,239
2025-12-08,ANTOINE BALARD,66
2025-12-08,AQUITAINE,84
2025-12-08,ARISTOTE,69
2025-12-08,AUBIGNE,124
2025-12-08,AUBRAC,55
2025-12-08,AUGUSTE COMTE,51
2025-12-08,AVERROES,48
2025-12-08,BENOITE GROULT,228
2025-12-08,BERGMAN,55
2025-12-08,BLAISE PASCAL,89
2025-12-08,BON,82
2025-12-08,BOUCHER,91
2025-12-08,BRES,75
2025-12-08,CALANDRETA DAU CHIVALET,84
2025-12-08,CALANDRETA DAU CLAPAS,162
2025-12-08,CALLAS,104
2025-12-08,CAMOENS,53
2025-12-08,CANDOLA,81
2025-12-08,CERVANTES,45
2025-12-08,CHAPLIN,130
2025-12-08,CHAPTAL,91
2025-12-08,CHARLES BAUDELAIRE,174
2025-12-08,CHARLES DICKENS ANNE FRANK,301
2025-12-08,CHENGDU,149
2025-12-08,COCTEAU,84
2025-12-08,CONDORCET,161
2025-12-08,COPERNIC,38
2025-12-08,DAUDET,118
2025-12-08,DAVILER KERGOMARD,275
2025-12-08,DEROIN,109
2025-12-08,DIDEROT,137
2025-12-08,DOCTEUR CALMETTE,165
2025-12-08,DURUY,42
2025-12-08,ELUARD,78
2025-12-08,EMILE COMBES,58
2025-12-08,EUGENE POTTIER JEAN SIBELIUS,253
2025-12-08,F D ROOSEVELT,83
2025-12-08,FIGUIER,90
2025-12-08,FLORIAN,85
2025-12-08,FRANCOIS MITTERRAND,192
2025-12-08,FREDERIC BAZILLE,19
2025-12-08,GALILEE,67
2025-12-08,GAMA,75
2025-12-08,GAMBETTA,82
2025-12-08,GANDHI,22
2025-12-08,GARIBALDI,136
2025-12-08,GARNIER,69
2025-12-08,GEORGES SIMENON,151
2025-12-08,GERMAINE RICHIER,270
2025-12-08,GOETHE,59
2025-12-08,HEIDELBERG,108
2025-12-08,HYPATIE,50
2025-12-08,ISAAC SCHOLL,110
2025-12-08,JACQUES BREL,185
2025-12-08,JEAN JAURES,176
2025-12-08,JEAN MACE,122
2025-12-08,JEAN MERMOZ,139
2025-12-08,JEAN MOULIN,122
2025-12-08,JEAN ZAY,92
2025-12-08,JEANNE D ARC,105
2025-12-08,JEANNE MOREAU,168
2025-12-08,JOAN MIRO,232
2025-12-08,JOSEPH DELTEIL,116
2025-12-08,JOYCE,44
2025-12-08,JULES FERRY,142
2025-12-08,JULES SIMON,164
2025-12-08,JULES VERNE,99
2025-12-08,JULIE DAUBIE,167
2025-12-08,KIPLING,71
2025-12-08,LAFONTAINE,77
2025-12-08,LAMARTINE,83
2025-12-08,LEO MALET,205
2025-12-08,LEOPOLD SEDAR SENGHOR,101
2025-12-08,LOUIS ARMSTRONG,127
2025-12-08,LOUISVILLE,78
2025-12-08,LUDWIG VAN BEETHOVEN,340
2025-12-08,LUTHERKING,42
2025-12-08,MADAME DE SEVIGNE,126
2025-12-08,MARC BLOCH,117
2025-12-08,MARGUERITTE YOURCENAR,169
2025-12-08,MARIE CURIE,189
2025-12-08,MARIE PAPE CARPENTIER,141
2025-12-08,MICHEL DE L HOSPITAL,278
2025-12-08,MICHELET,58
2025-12-08,MORISOT MOZART,273
2025-12-08,NERUDA,32
2025-12-08,OLYMPE DE GOUGES,225
2025-12-08,PAGNOL,106
2025-12-08,PASTEUR,42
2025-12-08,PAUL BERT VICTOR HUGO,146
2025-12-08,PAUL LANGEVIN,128
2025-12-08,PAUL PAINLEVE,127
2025-12-08,PERICLES,92
2025-12-08,PICASSO,14
2025-12-08,PREVERT,23
2025-12-08,PROKOFIEV,53
2025-12-08,RENAUD,51
2025-12-08,RONSARD,113
2025-12-08,ROUX,45
2025-12-08,SAMUEL PATY,82
2025-12-08,SARAH BERNHARDT,60
2025-12-08,SIGMUND FREUD,132
2025-12-08,SIGNORET,118
2025-12-08,SIMON BOLIVAR,84
2025-12-08,SOULAGES,109
2025-12-08,SPINOZA,170
2025-12-08,SUN YAT SEN,173
2025-12-08,SURCOUF,97
2025-12-08,TERESA,62
2025-12-08,VAN GOGH,36
2025-12-08,VICTOR SCHOELCHER,244
2025-12-08,VOLTAIRE,191
2025-12-08,WINSTON CHURCHILL,268
2025-12-08,WOOLF,21
2025-12-09,AKIRA KUROSAWA,102
2025-12-09,ALAIN SAVARY,132
2025-12-09,ALBRECHT,80
2025-12-09,ANDRE BOULLOCHE,57
2025-12-09,ANDRE MALRAUX,242
2025-12-09,ANTOINE BALARD,85
2025-12-09,AQUITAINE,91
2025-12-09,ARISTOTE,67
2025-12-09,AUBIGNE,125
2025-12-09,AUBRAC,54
2025-12-09,AUGUSTE COMTE,51
2025-12-09,AVERROES,50
2025-12-09,BENOITE GROULT,233
2025-12-09,BERGMAN,56
2025-12-09,BLAISE PASCAL,95
2025-12-09,BON,98
2025-12-09,BOUCHER,97
2025-12-09,BRES,86
2025-12-09,CALANDRETA DAU CHIVALET,82
2025-12-09,CALANDRETA DAU CLAPAS,159
2025-12-09,CALLAS,109
2025-12-09,CAMOENS,54
2025-12-09,CANDOLA,81
2025-12-09,CERVANTES,60
2025-12-09,CHAPLIN,135
2025-12-09,CHAPTAL,90
2025-12-09,CHARLES BAUDELAIRE,177
2025-12-09,CHARLES DICKENS ANNE FRANK,320
2025-12-09,CHENGDU,153
2025-12-09,COCTEAU,94
2025-12-09,CONDORCET,165
2025-12-09,COPERNIC,38
2025-12-09,DAUDET,121
2025-12-09,DAVILER KERGOMARD,265
2025-12-09,DEROIN,117
2025-12-09,DIDEROT,168
2025-12-09,DOCTEUR CALMETTE,166
2025-12-09,DURUY,43
2025-12-09,ELUARD,80
2025-12-09,EMILE COMBES,61
2025-12-09,EUGENE POTTIER JEAN SIBELIUS,261
2025-12-09,F D ROOSEVELT,104
2025-12-09,FIGUIER,89
2025-12-09,FLORIAN,83
2025-12-09,FRANCOIS MITTERRAND,191
2025-12-09,FREDERIC BAZILLE,20
2025-12-09,GALILEE,91
2025-12-09,GAMA,74
2025-12-09,GAMBETTA,82
2025-12-09,GANDHI,21
2025-12-09,GARIBALDI,139
2025-12-09,GARNIER,70
2025-12-09,GEORGES SIMENON,164
2025-12-09,GERMAINE RICHIER,287
2025-12-09,GOETHE,61
2025-12-09,HEIDELBERG,126
2025-12-09,HYPATIE,60
2025-12-09,ISAAC SCHOLL,110
2025-12-09,JACQUES BREL,201
2025-12-09,JEAN JAURES,187
2025-12-09,JEAN MACE,127
2025-12-09,JEAN MERMOZ,141
2025-12-09,JEAN MOULIN,120
2025-12-09,JEAN ZAY,97
2025-12-09,JEANNE D ARC,108
2025-12-09,JEANNE MOREAU,179
2025-12-09,JOAN MIRO,232
2025-12-09,JOSEPH DELTEIL,137
2025-12-09,JOYCE,52
2025-12-09,JULES FERRY,148
2025-12-09,JULES SIMON,160
2025-12-09,JULES VERNE,107
2025-12-09,JULIE DAUBIE,176
2025-12-09,KIPLING,75
2025-12-09,LAFONTAINE,77
2025-12-09,LAMARTINE,76
2025-12-09,LEO MALET,220
2025-12-09,LEOPOLD SEDAR SENGHOR,131
2025-12-09,LOUIS ARMSTRONG,162
2025-12-09,LOUISVILLE,93
2025-12-09,LUDWIG VAN BEETHOVEN,355
2025-12-09,LUTHERKING,49
2025-12-09,MADAME DE SEVIGNE,130
2025-12-09,MARC BLOCH,132
2025-12-09,MARGUERITTE YOURCENAR,184
2025-12-09,MARIE CURIE,198
2025-12-09,MARIE PAPE CARPENTIER,153
2025-12-09,MICHEL DE L HOSPITAL,284
2025-12-09,MICHELET,61
2025-12-09,MORISOT MOZART,271
2025-12-09,NERUDA,37
2025-12-09,OLYMPE DE GOUGES,233
2025-12-09,PAGNOL,109
2025-12-09,PASTEUR,42
2025-12-09,PAUL BERT VICTOR HUGO,148
2025-12-09,PAUL LANGEVIN,128
2025-12-09,PAUL PAINLEVE,123
2025-12-09,PERICLES,92
2025-12-09,PICASSO,22
2025-12-09,PREVERT,28
2025-12-09,PROKOFIEV,54
2025-12-09,RENAUD,53
2025-12-09,RONSARD,123
2025-12-09,ROUX,44
2025-12-09,SAMUEL PATY,79
2025-12-09,SARAH BERNHARDT,61
2025-12-09,SIGMUND FREUD,141
2025-12-09,SIGNORET,119
2025-12-09,SIMON BOLIVAR,112
2025-12-09,SOULAGES,108
2025-12-09,SPINOZA,181
2025-12-09,SUN YAT SEN,188
2025-12-09,SURCOUF,95
2025-12-09,TERESA,61
2025-12-09,VAN GOGH,41
2025-12-09,VICTOR SCHOELCHER,260
2025-12-09,VOLTAIRE,208
2025-12-09,WINSTON CHURCHILL,273
2025-12-09,WOOLF,25
2025-12-11,AKIRA KUROSAWA,86
2025-12-11,ALAIN SAVARY,146
2025-12-11,ALBRECHT,73
2025-12-11,ANDRE BOULLOCHE,42
2025-12-11,ANDRE MALRAUX,239
2025-12-11,ANTOINE BALARD,66
2025-12-11,AQUITAINE,85
2025-12-11,ARISTOTE,69
2025-12-11,AUBIGNE,125
2025-12-11,AUBRAC,51
2025-12-11,AUGUSTE COMTE,51
2025-12-11,AVERROES,48
2025-12-11,BENOITE GROULT,233
2025-12-11,BERGMAN,56
2025-12-11,BLAISE PASCAL,93
2025-12-11,BON,83
2025-12-11,BOUCHER,90
2025-12-11,BRES,76
2025-12-11,CALANDRETA DAU CHIVALET,83
2025-12-11,CALANDRETA DAU CLAPAS,156
2025-12-11,CALLAS,104
2025-12-11,CAMOENS,52
2025-12-11,CANDOLA,70
2025-12-11,CERVANTES,53
2025-12-11,CHAPLIN,132
2025-12-11,CHAPTAL,90
2025-12-11,CHARLES BAUDELAIRE,171
2025-12-11,CHARLES DICKENS ANNE FRANK,304
2025-12-11,CHENGDU,150
2025-12-11,COCTEAU,89
2025-12-11,CONDORCET,160
2025-12-11,COPERNIC,37
2025-12-11,DAUDET,122
2025-12-11,DAVILER KERGOMARD,263
2025-12-11,DEROIN,111
2025-12-11,DIDEROT,144
2025-12-11,DOCTEUR CALMETTE,164
2025-12-11,DURUY,43
2025-12-11,ELUARD,79
2025-12-11,EMILE COMBES,62
2025-12-11,EUGENE POTTIER JEAN SIBELIUS,259
2025-12-11,F D ROOSEVELT,84
2025-12-11,FIGUIER,89
2025-12-11,FLORIAN,85
2025-12-11,FRANCOIS MITTERRAND,191
2025-12-11,FREDERIC BAZILLE,19
2025-12-11,GALILEE,73
2025-12-11,GAMA,77
2025-12-11,GAMBETTA,84
2025-12-11,GANDHI,19
2025-12-11,GARIBALDI,148
2025-12-11,GARNIER,69
2025-12-11,GEORGES SIMENON,159
2025-12-11,GERMAINE RICHIER,276
2025-12-11,GOETHE,61
2025-12-11,HEIDELBERG,104
2025-12-11,HYPATIE,46
2025-12-11,ISAAC SCHOLL,112
2025-12-11,JACQUES BREL,192
2025-12-11,JEAN JAURES,179
2025-12-11,JEAN MACE,124
2025-12-11,JEAN MERMOZ,140
2025-12-11,JEAN MOULIN,118
2025-12-11,JEAN ZAY,90
2025-12-11,JEANNE D ARC,112
2025-12-11,JEANNE MOREAU,171
2025-12-11,JOAN MIRO,233
2025-12-11,JOSEPH DELTEIL,114
2025-12-11,JOYCE,43
2025-12-11,JULES FERRY,145
2025-12-11,JULES SIMON,162
2025-12-11,JULES VERNE,98
2025-12-11,JULIE DAUBIE,162
2025-12-11,KIPLING,74
2025-12-11,LAFONTAINE,76
2025-12-11,LAMARTINE,77
2025-12-11,LEO MALET,204
2025-12-11,LEOPOLD SEDAR SENGHOR,107
2025-12-11,LOUIS ARMSTRONG,141
2025-12-11,LOUISVILLE,81
2025-12-11,LUDWIG VAN BEETHOVEN,338
2025-12-11,LUTHERKING,42
2025-12-11,MADAME DE SEVIGNE,128
2025-12-11,MARC BLOCH,114
2025-12-11,MARGUERITTE YOURCENAR,174
2025-12-11,MARIE CURIE,195
2025-12-11,MARIE PAPE CARPENTIER,142
2025-12-11,MICHEL DE L HOSPITAL,273
2025-12-11,MICHELET,63
2025-12-11,MORISOT MOZART,274
2025-12-11,NERUDA,27
2025-12-11,OLYMPE DE GOUGES,222
2025-12-11,PAGNOL,100
2025-12-11,PASTEUR,43
2025-12-11,PAUL BERT VICTOR HUGO,150
2025-12-11,PAUL LANGEVIN,134
2025-12-11,PAUL PAINLEVE,128
2025-12-11,PERICLES,92
2025-12-11,PICASSO,17
2025-12-11,PREVERT,22
2025-12-11,PROKOFIEV,51
2025-12-11,RENAUD,46
2025-12-11,RONSARD,106
2025-12-11,ROUX,44
2025-12-11,SAMUEL PATY,75
2025-12-11,SARAH BERNHARDT,58
2025-12-11,SIGMUND FREUD,132
2025-12-11,SIGNORET,118
2025-12-11,SIMON BOLIVAR,91
2025-12-11,SOULAGES,106
2025-12-11,SPINOZA,172
2025-12-11,SUN YAT SEN,187
2025-12-11,SURCOUF,93
2025-12-11,TERESA,56
2025-12-11,VAN GOGH,37
2025-12-11,VICTOR SCHOELCHER,239
2025-12-11,VOLTAIRE,195
2025-12-11,WINSTON CHURCHILL,271
2025-12-11,WOOLF,23
2025-12-12,AKIRA KUROSAWA,101
2025-12-12,ALAIN SAVARY,142
2025-12-12,ALBRECHT,81
2025-12-12,ANDRE BOULLOCHE,53
2025-12-12,ANDRE MALRAUX,238
2025-12-12,ANTOINE BALARD,81
2025-12-12,AQUITAINE,85
2025-12-12,ARISTOTE,67
2025-12-12,AUBIGNE,126
2025-12-12,AUBRAC,53
2025-12-12,AUGUSTE COMTE,51
2025-12-12,AVERROES,61
2025-12-12,BENOITE GROULT,236
2025-12-12,BERGMAN,52
2025-12-12,BLAISE PASCAL,96
2025-12-12,BON,88
2025-12-12,BOUCHER,94
2025-12-12,BRES,82
2025-12-12,CALANDRETA DAU CHIVALET,80
2025-12-12,CALANDRETA DAU CLAPAS,160
2025-12-12,CALLAS,108
2025-12-12,CAMOENS,57
2025-12-12,CANDOLA,78
2025-12-12,CERVANTES,58
2025-12-12,CHAPLIN,130
2025-12-12,CHAPTAL,88
2025-12-12,CHARLES BAUDELAIRE,180
2025-12-12,CHARLES DICKENS ANNE FRANK,323
2025-12-12,CHENGDU,148
2025-12-12,COCTEAU,93
2025-12-12,CONDORCET,162
2025-12-12,COPERNIC,35
2025-12-12,DAUDET,118
2025-12-12,DAVILER KERGOMARD,267
2025-12-12,DEROIN,117
2025-12-12,DIDEROT,161
2025-12-12,DOCTEUR CALMETTE,166
2025-12-12,DURUY,45
2025-12-12,ELUARD,78
2025-12-12,EMILE COMBES,61
2025-12-12,EUGENE POTTIER JEAN SIBELIUS,260
2025-12-12,F D ROOSEVELT,101
2025-12-12,FIGUIER,87
2025-12-12,FLORIAN,79
2025-12-12,FRANCOIS MITTERRAND,190
2025-12-12,FREDERIC BAZILLE,20
2025-12-12,GALILEE,89
2025-12-12,GAMA,78
2025-12-12,GAMBETTA,84
2025-12-12,GANDHI,27
2025-12-12,GARIBALDI,147
2025-12-12,GARNIER,65
2025-12-12,GEORGES SIMENON,162
2025-12-12,GERMAINE RICHIER,269
2025-12-12,GOETHE,58
2025-12-12,HEIDELBERG,129
2025-12-12,HYPATIE,55
2025-12-12,ISAAC SCHOLL,113
2025-12-12,JACQUES BREL,193
2025-12-12,JEAN JAURES,187
2025-12-12,JEAN MACE,127
2025-12-12,JEAN MERMOZ,142
2025-12-12,JEAN MOULIN,119
2025-12-12,JEAN ZAY,90
2025-12-12,JEANNE D ARC,109
2025-12-12,JEANNE MOREAU,175
2025-12-12,JOAN MIRO,228
2025-12-12,JOSEPH DELTEIL,133
2025-12-12,JOYCE,46
2025-12-12,JULES FERRY,144
2025-12-12,JULES SIMON,167
2025-12-12,JULES VERNE,77
2025-12-12,JULIE DAUBIE,178
2025-12-12,KIPLING,75
2025-12-12,LAFONTAINE,72
2025-12-12,LAMARTINE,82
2025-12-12,LEO MALET,215
2025-12-12,LEOPOLD SEDAR SENGHOR,116
2025-12-12,LOUIS ARMSTRONG,152
2025-12-12,LOUISVILLE,92
2025-12-12,LUDWIG VAN BEETHOVEN,344
2025-12-12,LUTHERKING,46
2025-12-12,MADAME DE SEVIGNE,127
2025-12-12,MARC BLOCH,132
2025-12-12,MARGUERITTE YOURCENAR,186
2025-12-12,MARIE CURIE,193
2025-12-12,MARIE PAPE CARPENTIER,149
2025-12-12,MICHEL DE L HOSPITAL,280
2025-12-12,MICHELET,67
2025-12-12,MORISOT MOZART,269
2025-12-12,NERUDA,36
2025-12-12,OLYMPE DE GOUGES,224
2025-12-12,PAGNOL,103
2025-12-12,PASTEUR,42
2025-12-12,PAUL BERT VICTOR HUGO,151
2025-12-12,PAUL LANGEVIN,127
2025-12-12,PAUL PAINLEVE,122
2025-12-12,PERICLES,93
2025-12-12,PICASSO,18
2025-12-12,PREVERT,29
2025-12-12,PROKOFIEV,56
2025-12-12,RENAUD,51
2025-12-12,RONSARD,113
2025-12-12,ROUX,45
2025-12-12,SAMUEL PATY,85
2025-12-12,SARAH BERNHARDT,57
2025-12-12,SIGMUND FREUD,143
2025-12-12,SIGNORET,117
2025-12-12,SIMON BOLIVAR,118
2025-12-12,SOULAGES,108
2025-12-12,SPINOZA,192
2025-12-12,SUN YAT SEN,190
2025-12-12,SURCOUF,104
2025-12-12,TERESA,60
2025-12-12,VAN GOGH,42
2025-12-12,VICTOR SCHOELCHER,259
2025-12-12,VOLTAIRE,212
2025-12-12,WINSTON CHURCHILL,271
2025-12-12,WOOLF,20
2025-12-15,AKIRA KUROSAWA,94
2025-12-15,ALAIN SAVARY,137
2025-12-15,ALBRECHT,75
2025-12-15,ANDRE BOULLOCHE,37
2025-12-15,ANDRE MALRAUX,239
2025-12-15,ANTOINE BALARD,68
2025-12-15,AQUITAINE,81
2025-12-15,ARISTOTE,70
2025-12-15,AUBIGNE,122
2025-12-15,AUBRAC,56
2025-12-15,AUGUSTE COMTE,49
2025-12-15,AVERROES,48
2025-12-15,BENOITE GROULT,229
2025-12-15,BERGMAN,53
2025-12-15,BLAISE PASCAL,95
2025-12-15,BON,83
2025-12-15,BOUCHER,90
2025-12-15,BRES,75
2025-12-15,CALANDRETA DAU CHIVALET,80
2025-12-15,CALANDRETA DAU CLAPAS,160
2025-12-15,CALLAS,105
2025-12-15,CAMOENS,51
2025-12-15,CANDOLA,82
2025-12-15,CERVANTES,47
2025-12-15,CHAPLIN,130
2025-12-15,CHAPTAL,91
2025-12-15,CHARLES BAUDELAIRE,174
2025-12-15,CHARLES DICKENS ANNE FRANK,299
2025-12-15,CHENGDU,148
2025-12-15,COCTEAU,85
2025-12-15,CONDORCET,161
2025-12-15,COPERNIC,38
2025-12-15,DAUDET,118
2025-12-15,DAVILER KERGOMARD,274
2025-12-15,DEROIN,109
2025-12-15,DIDEROT,141
2025-12-15,DOCTEUR CALMETTE,166
2025-12-15,DURUY,43
2025-12-15,ELUARD,80
2025-12-15,EMILE COMBES,59
2025-12-15,EUGENE POTTIER JEAN SIBELIUS,256
2025-12-15,F D ROOSEVELT,84
2025-12-15,FIGUIER,89
2025-12-15,FLORIAN,83
2025-12-15,FRANCOIS MITTERRAND,189
2025-12-15,FREDERIC BAZILLE,19
2025-12-15,GALILEE,67
2025-12-15,GAMA,75
2025-12-15,GAMBETTA,82
2025-12-15,GANDHI,23
2025-12-15,GARIBALDI,139
2025-12-15,GARNIER,68
2025-12-15,GEORGES SIMENON,154
2025-12-15,GERMAINE RICHIER,274
2025-12-15,GOETHE,59
2025-12-15,HEIDELBERG,107
2025-12-15,HYPATIE,53
2025-12-15,ISAAC SCHOLL,110
2025-12-15,JACQUES BREL,187
2025-12-15,JEAN JAURES,172
2025-12-15,JEAN MACE,121
2025-12-15,JEAN MERMOZ,141
2025-12-15,JEAN MOULIN,120
2025-12-15,JEAN ZAY,92
2025-12-15,JEANNE D ARC,103
2025-12-15,JEANNE MOREAU,169
2025-12-15,JOAN MIRO,231
2025-12-15,JOSEPH DELTEIL,121
2025-12-15,JOYCE,43
2025-12-15,JULES FERRY,139
2025-12-15,JULES SIMON,163
2025-12-15,JULES VERNE,101
2025-12-15,JULIE DAUBIE,166
2025-12-15,KIPLING,69
2025-12-15,LAFONTAINE,76
2025-12-15,LAMARTINE,84
2025-12-15,LEO MALET,206
2025-12-15,LEOPOLD SEDAR SENGHOR,100
2025-12-15,LOUIS ARMSTRONG,127
2025-12-15,LOUISVILLE,82
2025-12-15,LUDWIG VAN BEETHOVEN,340
2025-12-15,LUTHERKING,44
2025-12-15,MADAME DE SEVIGNE,129
2025-12-15,MARC BLOCH,115
2025-12-15,MARGUERITTE YOURCENAR,174
2025-12-15,MARIE CURIE,187
2025-12-15,MARIE PAPE CARPENTIER,142
2025-12-15,MICHEL DE L HOSPITAL,277
2025-12-15,MICHELET,61
2025-12-15,MORISOT MOZART,279
2025-12-15,NERUDA,30
2025-12-15,OLYMPE DE GOUGES,224
2025-12-15,PAGNOL,105
2025-12-15,PASTEUR,42
2025-12-15,PAUL BERT VICTOR HUGO,147
2025-12-15,PAUL LANGEVIN,128
2025-12-15,PAUL PAINLEVE,124
2025-12-15,PERICLES,92
2025-12-15,PICASSO,14
2025-12-15,PREVERT,24
2025-12-15,PROKOFIEV,53
2025-12-15,RENAUD,53
2025-12-15,RONSARD,112
2025-12-15,ROUX,46
2025-12-15,SAMUEL PATY,79
2025-12-15,SARAH BERNHARDT,61
2025-12-15,SIGMUND FREUD,134
2025-12-15,SIGNORET,120
2025-12-15,SIMON BOLIVAR,80
2025-12-15,SOULAGES,109
2025-12-15,SPINOZA,172
2025-12-15,SUN YAT SEN,178
2025-12-15,SURCOUF,93
2025-12-15,TERESA,58
2025-12-15,VAN GOGH,37
2025-12-15,VICTOR SCHOELCHER,243
2025-12-15,VOLTAIRE,191
2025-12-15,WINSTON CHURCHILL,266
2025-12-15,WOOLF,21
2025-12-16,AKIRA KUROSAWA,100
2025-12-16,ALAIN SAVARY,152
2025-12-16,ALBRECHT,80
2025-12-16,ANDRE BOULLOCHE,57
2025-12-16,ANDRE MALRAUX,240
2025-12-16,ANTOINE BALARD,87
2025-12-16,AQUITAINE,91
2025-12-16,ARISTOTE,68
2025-12-16,AUBIGNE,108
2025-12-16,AUBRAC,56
2025-12-16,AUGUSTE COMTE,49
2025-12-16,AVERROES,57
2025-12-16,BENOITE GROULT,233
2025-12-16,BERGMAN,56
2025-12-16,BLAISE PASCAL,100
2025-12-16,BON,100
2025-12-16,BOUCHER,97
2025-12-16,BRES,85
2025-12-16,CALANDRETA DAU CHIVALET,81
2025-12-16,CALANDRETA DAU CLAPAS,157
2025-12-16,CALLAS,110
2025-12-16,CAMOENS,53
2025-12-16,CANDOLA,82
2025-12-16,CERVANTES,58
2025-12-16,CHAPLIN,132
2025-12-16,CHAPTAL,90
2025-12-16,CHARLES BAUDELAIRE,178
2025-12-16,CHARLES DICKENS ANNE FRANK,319
2025-12-16,CHENGDU,150
2025-12-16,COCTEAU,92
2025-12-16,CONDORCET,164
2025-12-16,COPERNIC,38
2025-12-16,DAUDET,114
2025-12-16,DAVILER KERGOMARD,267
2025-12-16,DEROIN,119
2025-12-16,DIDEROT,168
2025-12-16,DOCTEUR CALMETTE,165
2025-12-16,DURUY,43
2025-12-16,ELUARD,82
2025-12-16,EMILE COMBES,62
2025-12-16,EUGENE POTTIER JEAN SIBELIUS,262
2025-12-16,F D ROOSEVELT,106
2025-12-16,FIGUIER,89
2025-12-16,FLORIAN,82
2025-12-16,FRANCOIS MITTERRAND,189
2025-12-16,FREDERIC BAZILLE,20
2025-12-16,GALILEE,93
2025-12-16,GAMA,75
2025-12-16,GAMBETTA,83
2025-12-16,GANDHI,23
2025-12-16,GARIBALDI,144
2025-12-16,GARNIER,70
2025-12-16,GEORGES SIMENON,163
2025-12-16,GERMAINE RICHIER,288
2025-12-16,GOETHE,62
2025-12-16,HEIDELBERG,124
2025-12-16,HYPATIE,60
2025-12-16,ISAAC SCHOLL,111
2025-12-16,JACQUES BREL,205
2025-12-16,JEAN JAURES,184
2025-12-16,JEAN MACE,125
2025-12-16,JEAN MERMOZ,139
2025-12-16,JEAN MOULIN,120
2025-12-16,JEAN ZAY,97
2025-12-16,JEANNE D ARC,109
2025-12-16,JEANNE MOREAU,178
2025-12-16,JOAN MIRO,232
2025-12-16,JOSEPH DELTEIL,140
2025-12-16,JOYCE,55
2025-12-16,JULES FERRY,147
2025-12-16,JULES SIMON,161
2025-12-16,JULES VERNE,88
2025-12-16,JULIE DAUBIE,178
2025-12-16,KIPLING,74
2025-12-16,LAFONTAINE,76
2025-12-16,LAMARTINE,83
2025-12-16,LEO MALET,216
2025-12-16,LEOPOLD SEDAR SENGHOR,135
2025-12-16,LOUIS ARMSTRONG,160
2025-12-16,LOUISVILLE,93
2025-12-16,LUDWIG VAN BEETHOVEN,351
2025-12-16,LUTHERKING,49
2025-12-16,MADAME DE SEVIGNE,128
2025-12-16,MARC BLOCH,130
2025-12-16,MARGUERITTE YOURCENAR,191
2025-12-16,MARIE CURIE,195
2025-12-16,MARIE PAPE CARPENTIER,150
2025-12-16,MICHEL DE L HOSPITAL,284
2025-12-16,MICHELET,62
2025-12-16,MORISOT MOZART,274
2025-12-16,NERUDA,37
2025-12-16,OLYMPE DE GOUGES,229
2025-12-16,PAGNOL,108
2025-12-16,PASTEUR,42
2025-12-16,PAUL BERT VICTOR HUGO,151
2025-12-16,PAUL LANGEVIN,130
2025-12-16,PAUL PAINLEVE,120
2025-12-16,PERICLES,93
2025-12-16,PICASSO,22
2025-12-16,PREVERT,28
2025-12-16,PROKOFIEV,54
2025-12-16,RENAUD,53
2025-12-16,RONSARD,121
2025-12-16,ROUX,44
2025-12-16,SAMUEL PATY,81
2025-12-16,SARAH BERNHARDT,61
2025-12-16,SIGMUND FREUD,141
2025-12-16,SIGNORET,119
2025-12-16,SIMON BOLIVAR,116
2025-12-16,SOULAGES,108
2025-12-16,SPINOZA,198
2025-12-16,SUN YAT SEN,201
2025-12-16,SURCOUF,92
2025-12-16,TERESA,61
2025-12-16,VAN GOGH,41
2025-12-16,VICTOR SCHOELCHER,252
2025-12-16,VOLTAIRE,204
2025-12-16,WINSTON CHURCHILL,275
2025-12-16,WOOLF,25
2025-12-18,AKIRA KUROSAWA,88
2025-12-18,ALAIN SAVARY,148
2025-12-18,ALBRECHT,71
2025-12-18,ANDRE BOULLOCHE,48
2025-12-18,ANDRE MALRAUX,239
2025-12-18,ANTOINE BALARD,65
2025-12-18,AQUITAINE,83
2025-12-18,ARISTOTE,69
2025-12-18,AUBIGNE,125
2025-12-18,AUBRAC,51
2025-12-18,AUGUSTE COMTE,49
2025-12-18,AVERROES,47
2025-12-18,BENOITE GROULT,226
2025-12-18,BERGMAN,55
2025-12-18,BLAISE PASCAL,93
2025-12-18,BON,82
2025-12-18,BOUCHER,91
2025-12-18,BRES,74
2025-12-18,CALANDRETA DAU CHIVALET,82
2025-12-18,CALANDRETA DAU CLAPAS,154
2025-12-18,CALLAS,102
2025-12-18,CAMOENS,51
2025-12-18,CANDOLA,80
2025-12-18,CERVANTES,54
2025-12-18,CHAPLIN,129
2025-12-18,CHAPTAL,90
2025-12-18,CHARLES BAUDELAIRE,170
2025-12-18,CHARLES DICKENS ANNE FRANK,309
2025-12-18,CHENGDU,148
2025-12-18,COCTEAU,87
2025-12-18,CONDORCET,167
2025-12-18,COPERNIC,37
2025-12-18,DAUDET,118
2025-12-18,DAVILER KERGOMARD,266
2025-12-18,DEROIN,108
2025-12-18,DIDEROT,148
2025-12-18,DOCTEUR CALMETTE,162
2025-12-18,DURUY,44
2025-12-18,ELUARD,80
2025-12-18,EMILE COMBES,64
2025-12-18,EUGENE POTTIER JEAN SIBELIUS,262
2025-12-18,F D ROOSEVELT,86
2025-12-18,FIGUIER,86
2025-12-18,FLORIAN,85
2025-12-18,FRANCOIS MITTERRAND,191
2025-12-18,FREDERIC BAZILLE,19
2025-12-18,GALILEE,73
2025-12-18,GAMA,78
2025-12-18,GAMBETTA,83
2025-12-18,GANDHI,20
2025-12-18,GARIBALDI,149
2025-12-18,GARNIER,70
2025-12-18,GEORGES SIMENON,157
2025-12-18,GERMAINE RICHIER,276
2025-12-18,GOETHE,59
2025-12-18,HEIDELBERG,104
2025-12-18,HYPATIE,47
2025-12-18,ISAAC SCHOLL,113
2025-12-18,JACQUES BREL,196
2025-12-18,JEAN JAURES,174
2025-12-18,JEAN MACE,121
2025-12-18,JEAN MERMOZ,139
2025-12-18,JEAN MOULIN,119
2025-12-18,JEAN ZAY,91
2025-12-18,JEANNE D ARC,107
2025-12-18,JEANNE MOREAU,171
2025-12-18,JOAN MIRO,230
2025-12-18,JOSEPH DELTEIL,112
2025-12-18,JOYCE,43
2025-12-18,JULES FERRY,146
2025-12-18,JULES SIMON,162
2025-12-18,JULES VERNE,98
2025-12-18,JULIE DAUBIE,162
2025-12-18,KIPLING,69
2025-12-18,LAFONTAINE,74
2025-12-18,LAMARTINE,77
2025-12-18,LEO MALET,203
2025-12-18,LEOPOLD SEDAR SENGHOR,105
2025-12-18,LOUIS ARMSTRONG,138
2025-12-18,LOUISVILLE,82
2025-12-18,LUDWIG VAN BEETHOVEN,329
2025-12-18,LUTHERKING,43
2025-12-18,MADAME DE SEVIGNE,125
2025-12-18,MARC BLOCH,118
2025-12-18,MARGUERITTE YOURCENAR,177
2025-12-18,MARIE CURIE,189
2025-12-18,MARIE PAPE CARPENTIER,146
2025-12-18,MICHEL DE L HOSPITAL,278
2025-12-18,MICHELET,63
2025-12-18,MORISOT MOZART,273
2025-12-18,NERUDA,28
2025-12-18,OLYMPE DE GOUGES,227
2025-12-18,PAGNOL,100
2025-12-18,PASTEUR,41
2025-12-18,PAUL BERT VICTOR HUGO,151
2025-12-18,PAUL LANGEVIN,131
2025-12-18,PAUL PAINLEVE,121
2025-12-18,PERICLES,92
2025-12-18,PICASSO,16
2025-12-18,PREVERT,24
2025-12-18,PROKOFIEV,52
2025-12-18,RENAUD,49
2025-12-18,RONSARD,101
2025-12-18,ROUX,45
2025-12-18,SAMUEL PATY,76
2025-12-18,SARAH BERNHARDT,57
2025-12-18,SIGMUND FREUD,133
2025-12-18,SIGNORET,116
2025-12-18,SIMON BOLIVAR,92
2025-12-18,SOULAGES,106
2025-12-18,SPINOZA,171
2025-12-18,SUN YAT SEN,192
2025-12-18,SURCOUF,90
2025-12-18,TERESA,58
2025-12-18,VAN GOGH,37
2025-12-18,VICTOR SCHOELCHER,240
2025-12-18,VOLTAIRE,194
2025-12-18,WINSTON CHURCHILL,272
2025-12-18,WOOLF,23
2025-12-19,AKIRA KUROSAWA,99
2025-12-19,ALAIN SAVARY,142
2025-12-19,ALBRECHT,79
2025-12-19,ANDRE BOULLOCHE,52
2025-12-19,ANDRE MALRAUX,235
2025-12-19,ANTOINE BALARD,83
2025-12-19,AQUITAINE,84
2025-12-19,ARISTOTE,66
2025-12-19,AUBIGNE,126
2025-12-19,AUBRAC,53
2025-12-19,AUGUSTE COMTE,48
2025-12-19,AVERROES,58
2025-12-19,BENOITE GROULT,233
2025-12-19,BERGMAN,53
2025-12-19,BLAISE PASCAL,93
2025-12-19,BON,86
2025-12-19,BOUCHER,92
2025-12-19,BRES,81
2025-12-19,CALANDRETA DAU CHIVALET,79
2025-12-19,CALANDRETA DAU CLAPAS,161
2025-12-19,CALLAS,107
2025-12-19,CAMOENS,57
2025-12-19,CANDOLA,80
2025-12-19,CERVANTES,61
2025-12-19,CHAPLIN,129
2025-12-19,CHAPTAL,84
2025-12-19,CHARLES BAUDELAIRE,182
2025-12-19,CHARLES DICKENS ANNE FRANK,318
2025-12-19,CHENGDU,146
2025-12-19,COCTEAU,90
2025-12-19,CONDORCET,162
2025-12-19,COPERNIC,35
2025-12-19,DAUDET,120
2025-12-19,DAVILER KERGOMARD,273
2025-12-19,DEROIN,120
2025-12-19,DIDEROT,160
2025-12-19,DOCTEUR CALMETTE,152
2025-12-19,DURUY,44
2025-12-19,ELUARD,79
2025-12-19,EMILE COMBES,61
2025-12-19,EUGENE POTTIER JEAN SIBELIUS,258
2025-12-19,F D ROOSEVELT,98
2025-12-19,FIGUIER,88
2025-12-19,FLORIAN,79
2025-12-19,FRANCOIS MITTERRAND,188
2025-12-19,FREDERIC BAZILLE,21
2025-12-19,GALILEE,92
2025-12-19,GAMA,77
2025-12-19,GAMBETTA,82
2025-12-19,GANDHI,25
2025-12-19,GARIBALDI,147
2025-12-19,GARNIER,65
2025-12-19,GEORGES SIMENON,168
2025-12-19,GERMAINE RICHIER,283
2025-12-19,GOETHE,55
2025-12-19,HEIDELBERG,127
2025-12-19,HYPATIE,56
2025-12-19,ISAAC SCHOLL,109
2025-12-19,JACQUES BREL,194
2025-12-19,JEAN JAURES,182
2025-12-19,JEAN MACE,127
2025-12-19,JEAN MERMOZ,143
2025-12-19,JEAN MOULIN,120
2025-12-19,JEAN ZAY,91
2025-12-19,JEANNE D ARC,103
2025-12-19,JEANNE MOREAU,170
2025-12-19,JOAN MIRO,225
2025-12-19,JOSEPH DELTEIL,133
2025-12-19,JOYCE,48
2025-12-19,JULES FERRY,142
2025-12-19,JULES SIMON,163
2025-12-19,JULES VERNE,79
2025-12-19,JULIE DAUBIE,178
2025-12-19,KIPLING,75
2025-12-19,LAFONTAINE,70
2025-12-19,LAMARTINE,82
2025-12-19,LEO MALET,212
2025-12-19,LEOPOLD SEDAR SENGHOR,118
2025-12-19,LOUIS ARMSTRONG,151
2025-12-19,LOUISVILLE,95
2025-12-19,LUDWIG VAN BEETHOVEN,341
2025-12-19,LUTHERKING,45
2025-12-19,MADAME DE SEVIGNE,123
2025-12-19,MARC BLOCH,133
2025-12-19,MARGUERITTE YOURCENAR,187
2025-12-19,MARIE CURIE,190
2025-12-19,MARIE PAPE CARPENTIER,148
2025-12-19,MICHEL DE L HOSPITAL,277
2025-12-19,MICHELET,66
2025-12-19,MORISOT MOZART,271
2025-12-19,NERUDA,38
2025-12-19,OLYMPE DE GOUGES,221
2025-12-19,PAGNOL,102
2025-12-19,PASTEUR,39
2025-12-19,PAUL BERT VICTOR HUGO,153
2025-12-19,PAUL LANGEVIN,127
2025-12-19,PAUL PAINLEVE,122
2025-12-19,PERICLES,92
2025-12-19,PICASSO,17
2025-12-19,PREVERT,29
2025-12-19,PROKOFIEV,56
2025-12-19,RENAUD,51
2025-12-19,RONSARD,117
2025-12-19,ROUX,46
2025-12-19,SAMUEL PATY,87
2025-12-19,SARAH BERNHARDT,58
2025-12-19,SIGMUND FREUD,145
2025-12-19,SIGNORET,117
2025-12-19,SIMON BOLIVAR,119
2025-12-19,SOULAGES,107
2025-12-19,SPINOZA,194
2025-12-19,SUN YAT SEN,194
2025-12-19,SURCOUF,103
2025-12-19,TERESA,62
2025-12-19,VAN GOGH,42
2025-12-19,VICTOR SCHOELCHER,258
2025-12-19,VOLTAIRE,203
2025-12-19,WINSTON CHURCHILL,273
2025-12-19,WOOLF,20
